1.000000000000000000e+00,1.000000000000000000e+00,0.000000000000000000e+00,0.000000000000000000e+00,2.009000000000000000e+03
0.000000000000000000e+00,0.000000000000000000e+00,0.000000000000000000e+00,0.000000000000000000e+00,6.000000000000000000e+00
8.200000000000000000e+01,1.190000000000000000e+02,7.500000000000000000e+00,-6.050000000000000000e+01,3.086420000000000174e-05
8.200000000000000000e+01,1.200000000000000000e+02,7.500000000000000000e+00,-5.950000000000000000e+01,6.257719999999999602e-03
8.300000000000000000e+01,1.190000000000000000e+02,6.500000000000000000e+00,-6.050000000000000000e+01,6.188270000000000055e-03
8.300000000000000000e+01,1.200000000000000000e+02,6.500000000000000000e+00,-5.950000000000000000e+01,5.131170000000000002e-03
8.300000000000000000e+01,1.210000000000000000e+02,6.500000000000000000e+00,-5.850000000000000000e+01,1.148379999999999956e-01
8.400000000000000000e+01,1.120000000000000000e+02,5.500000000000000000e+00,-6.750000000000000000e+01,2.295519999999999852e-02
8.400000000000000000e+01,1.130000000000000000e+02,5.500000000000000000e+00,-6.650000000000000000e+01,1.797839999999999985e-03
8.400000000000000000e+01,1.140000000000000000e+02,5.500000000000000000e+00,-6.550000000000000000e+01,1.234569999999999938e-03
8.400000000000000000e+01,1.190000000000000000e+02,5.500000000000000000e+00,-6.050000000000000000e+01,9.182100000000000331e-04
8.400000000000000000e+01,1.200000000000000000e+02,5.500000000000000000e+00,-5.950000000000000000e+01,9.297839999999999924e-03
8.400000000000000000e+01,1.210000000000000000e+02,5.500000000000000000e+00,-5.850000000000000000e+01,1.153550000000000061e-02
8.400000000000000000e+01,1.220000000000000000e+02,5.500000000000000000e+00,-5.750000000000000000e+01,3.255399999999999960e-02
8.400000000000000000e+01,1.230000000000000000e+02,5.500000000000000000e+00,-5.650000000000000000e+01,8.034719999999999362e-02
8.400000000000000000e+01,1.240000000000000000e+02,5.500000000000000000e+00,-5.550000000000000000e+01,6.296300000000000507e-02
8.400000000000000000e+01,1.250000000000000000e+02,5.500000000000000000e+00,-5.450000000000000000e+01,8.430559999999999443e-02
8.400000000000000000e+01,1.260000000000000000e+02,5.500000000000000000e+00,-5.350000000000000000e+01,4.037649999999999850e-01
8.500000000000000000e+01,1.120000000000000000e+02,4.500000000000000000e+00,-6.750000000000000000e+01,1.854940000000000061e-02
8.500000000000000000e+01,1.130000000000000000e+02,4.500000000000000000e+00,-6.650000000000000000e+01,6.859569999999999730e-03
8.500000000000000000e+01,1.140000000000000000e+02,4.500000000000000000e+00,-6.550000000000000000e+01,2.623459999999999985e-04
8.500000000000000000e+01,1.180000000000000000e+02,4.500000000000000000e+00,-6.150000000000000000e+01,1.211419999999999945e-03
8.500000000000000000e+01,1.190000000000000000e+02,4.500000000000000000e+00,-6.050000000000000000e+01,0.000000000000000000e+00
8.500000000000000000e+01,1.200000000000000000e+02,4.500000000000000000e+00,-5.950000000000000000e+01,0.000000000000000000e+00
8.500000000000000000e+01,1.210000000000000000e+02,4.500000000000000000e+00,-5.850000000000000000e+01,1.084880000000000046e-02
8.500000000000000000e+01,1.220000000000000000e+02,4.500000000000000000e+00,-5.750000000000000000e+01,6.589509999999999812e-03
8.500000000000000000e+01,1.230000000000000000e+02,4.500000000000000000e+00,-5.650000000000000000e+01,1.952160000000000093e-03
8.500000000000000000e+01,1.240000000000000000e+02,4.500000000000000000e+00,-5.550000000000000000e+01,7.717590000000000561e-02
8.500000000000000000e+01,1.250000000000000000e+02,4.500000000000000000e+00,-5.450000000000000000e+01,3.952930000000000332e-02
8.500000000000000000e+01,1.260000000000000000e+02,4.500000000000000000e+00,-5.350000000000000000e+01,4.753089999999999746e-03
8.500000000000000000e+01,1.270000000000000000e+02,4.500000000000000000e+00,-5.250000000000000000e+01,7.111879999999999591e-02
8.500000000000000000e+01,1.280000000000000000e+02,4.500000000000000000e+00,-5.150000000000000000e+01,7.019060000000000299e-01
8.600000000000000000e+01,1.050000000000000000e+02,3.500000000000000000e+00,-7.450000000000000000e+01,6.558640000000000130e-03
8.600000000000000000e+01,1.100000000000000000e+02,3.500000000000000000e+00,-6.950000000000000000e+01,1.135030000000000067e-02
8.600000000000000000e+01,1.110000000000000000e+02,3.500000000000000000e+00,-6.850000000000000000e+01,1.536269999999999997e-02
8.600000000000000000e+01,1.120000000000000000e+02,3.500000000000000000e+00,-6.750000000000000000e+01,1.784720000000000056e-02
8.600000000000000000e+01,1.130000000000000000e+02,3.500000000000000000e+00,-6.650000000000000000e+01,8.186729999999999702e-03
8.600000000000000000e+01,1.140000000000000000e+02,3.500000000000000000e+00,-6.550000000000000000e+01,4.035490000000000084e-03
8.600000000000000000e+01,1.150000000000000000e+02,3.500000000000000000e+00,-6.450000000000000000e+01,0.000000000000000000e+00
8.600000000000000000e+01,1.160000000000000000e+02,3.500000000000000000e+00,-6.350000000000000000e+01,2.183640000000000147e-03
8.600000000000000000e+01,1.170000000000000000e+02,3.500000000000000000e+00,-6.250000000000000000e+01,3.063269999999999882e-03
8.600000000000000000e+01,1.180000000000000000e+02,3.500000000000000000e+00,-6.150000000000000000e+01,3.950620000000000173e-03
8.600000000000000000e+01,1.190000000000000000e+02,3.500000000000000000e+00,-6.050000000000000000e+01,7.391980000000000252e-03
8.600000000000000000e+01,1.200000000000000000e+02,3.500000000000000000e+00,-5.950000000000000000e+01,8.179010000000000013e-04
8.600000000000000000e+01,1.210000000000000000e+02,3.500000000000000000e+00,-5.850000000000000000e+01,3.726849999999999868e-03
8.600000000000000000e+01,1.220000000000000000e+02,3.500000000000000000e+00,-5.750000000000000000e+01,9.382720000000000643e-03
8.600000000000000000e+01,1.230000000000000000e+02,3.500000000000000000e+00,-5.650000000000000000e+01,0.000000000000000000e+00
8.600000000000000000e+01,1.240000000000000000e+02,3.500000000000000000e+00,-5.550000000000000000e+01,1.257719999999999932e-03
8.600000000000000000e+01,1.250000000000000000e+02,3.500000000000000000e+00,-5.450000000000000000e+01,4.722220000000000063e-03
8.600000000000000000e+01,1.260000000000000000e+02,3.500000000000000000e+00,-5.350000000000000000e+01,3.395059999999999983e-04
8.600000000000000000e+01,1.270000000000000000e+02,3.500000000000000000e+00,-5.250000000000000000e+01,2.129629999999999978e-03
8.600000000000000000e+01,1.280000000000000000e+02,3.500000000000000000e+00,-5.150000000000000000e+01,8.653550000000000131e-02
8.700000000000000000e+01,1.040000000000000000e+02,2.500000000000000000e+00,-7.550000000000000000e+01,1.111879999999999986e-02
8.700000000000000000e+01,1.050000000000000000e+02,2.500000000000000000e+00,-7.450000000000000000e+01,1.921299999999999918e-03
8.700000000000000000e+01,1.060000000000000000e+02,2.500000000000000000e+00,-7.350000000000000000e+01,6.620370000000000421e-03
8.700000000000000000e+01,1.070000000000000000e+02,2.500000000000000000e+00,-7.250000000000000000e+01,9.158950000000000771e-03
8.700000000000000000e+01,1.080000000000000000e+02,2.500000000000000000e+00,-7.150000000000000000e+01,9.567900000000000710e-03
8.700000000000000000e+01,1.090000000000000000e+02,2.500000000000000000e+00,-7.050000000000000000e+01,9.290120000000000669e-03
8.700000000000000000e+01,1.100000000000000000e+02,2.500000000000000000e+00,-6.950000000000000000e+01,7.993830000000000380e-03
8.700000000000000000e+01,1.110000000000000000e+02,2.500000000000000000e+00,-6.850000000000000000e+01,2.453700000000000065e-03
8.700000000000000000e+01,1.120000000000000000e+02,2.500000000000000000e+00,-6.750000000000000000e+01,5.416670000000000165e-03
8.700000000000000000e+01,1.130000000000000000e+02,2.500000000000000000e+00,-6.650000000000000000e+01,6.250000000000000347e-03
8.700000000000000000e+01,1.140000000000000000e+02,2.500000000000000000e+00,-6.550000000000000000e+01,2.229940000000000134e-03
8.700000000000000000e+01,1.150000000000000000e+02,2.500000000000000000e+00,-6.450000000000000000e+01,0.000000000000000000e+00
8.700000000000000000e+01,1.160000000000000000e+02,2.500000000000000000e+00,-6.350000000000000000e+01,0.000000000000000000e+00
8.700000000000000000e+01,1.170000000000000000e+02,2.500000000000000000e+00,-6.250000000000000000e+01,0.000000000000000000e+00
8.700000000000000000e+01,1.180000000000000000e+02,2.500000000000000000e+00,-6.150000000000000000e+01,4.459880000000000268e-03
8.700000000000000000e+01,1.190000000000000000e+02,2.500000000000000000e+00,-6.050000000000000000e+01,1.077930000000000034e-02
8.700000000000000000e+01,1.200000000000000000e+02,2.500000000000000000e+00,-5.950000000000000000e+01,3.086420000000000174e-05
8.700000000000000000e+01,1.210000000000000000e+02,2.500000000000000000e+00,-5.850000000000000000e+01,2.507720000000000175e-03
8.700000000000000000e+01,1.220000000000000000e+02,2.500000000000000000e+00,-5.750000000000000000e+01,2.307099999999999863e-03
8.700000000000000000e+01,1.230000000000000000e+02,2.500000000000000000e+00,-5.650000000000000000e+01,0.000000000000000000e+00
8.700000000000000000e+01,1.240000000000000000e+02,2.500000000000000000e+00,-5.550000000000000000e+01,0.000000000000000000e+00
8.700000000000000000e+01,1.250000000000000000e+02,2.500000000000000000e+00,-5.450000000000000000e+01,0.000000000000000000e+00
8.700000000000000000e+01,1.260000000000000000e+02,2.500000000000000000e+00,-5.350000000000000000e+01,0.000000000000000000e+00
8.700000000000000000e+01,1.270000000000000000e+02,2.500000000000000000e+00,-5.250000000000000000e+01,2.623459999999999985e-04
8.700000000000000000e+01,1.280000000000000000e+02,2.500000000000000000e+00,-5.150000000000000000e+01,7.716049999999999417e-05
8.800000000000000000e+01,1.040000000000000000e+02,1.500000000000000000e+00,-7.550000000000000000e+01,5.972220000000000306e-03
8.800000000000000000e+01,1.050000000000000000e+02,1.500000000000000000e+00,-7.450000000000000000e+01,6.944439999999999641e-03
8.800000000000000000e+01,1.060000000000000000e+02,1.500000000000000000e+00,-7.350000000000000000e+01,0.000000000000000000e+00
8.800000000000000000e+01,1.070000000000000000e+02,1.500000000000000000e+00,-7.250000000000000000e+01,9.413579999999999951e-04
8.800000000000000000e+01,1.080000000000000000e+02,1.500000000000000000e+00,-7.150000000000000000e+01,9.413579999999999951e-04
8.800000000000000000e+01,1.090000000000000000e+02,1.500000000000000000e+00,-7.050000000000000000e+01,4.004630000000000342e-03
8.800000000000000000e+01,1.100000000000000000e+02,1.500000000000000000e+00,-6.950000000000000000e+01,3.749999999999999861e-03
8.800000000000000000e+01,1.110000000000000000e+02,1.500000000000000000e+00,-6.850000000000000000e+01,2.183640000000000147e-03
8.800000000000000000e+01,1.120000000000000000e+02,1.500000000000000000e+00,-6.750000000000000000e+01,4.837959999999999657e-03
8.800000000000000000e+01,1.130000000000000000e+02,1.500000000000000000e+00,-6.650000000000000000e+01,1.050929999999999920e-02
8.800000000000000000e+01,1.140000000000000000e+02,1.500000000000000000e+00,-6.550000000000000000e+01,8.179010000000000013e-04
8.800000000000000000e+01,1.150000000000000000e+02,1.500000000000000000e+00,-6.450000000000000000e+01,0.000000000000000000e+00
8.800000000000000000e+01,1.160000000000000000e+02,1.500000000000000000e+00,-6.350000000000000000e+01,5.941359999999999914e-04
8.800000000000000000e+01,1.170000000000000000e+02,1.500000000000000000e+00,-6.250000000000000000e+01,5.401229999999999920e-04
8.800000000000000000e+01,1.180000000000000000e+02,1.500000000000000000e+00,-6.150000000000000000e+01,1.165120000000000045e-02
8.800000000000000000e+01,1.190000000000000000e+02,1.500000000000000000e+00,-6.050000000000000000e+01,8.410489999999999633e-04
8.800000000000000000e+01,1.200000000000000000e+02,1.500000000000000000e+00,-5.950000000000000000e+01,0.000000000000000000e+00
8.800000000000000000e+01,1.210000000000000000e+02,1.500000000000000000e+00,-5.850000000000000000e+01,0.000000000000000000e+00
8.800000000000000000e+01,1.220000000000000000e+02,1.500000000000000000e+00,-5.750000000000000000e+01,5.246909999999999812e-04
8.800000000000000000e+01,1.230000000000000000e+02,1.500000000000000000e+00,-5.650000000000000000e+01,0.000000000000000000e+00
8.800000000000000000e+01,1.240000000000000000e+02,1.500000000000000000e+00,-5.550000000000000000e+01,0.000000000000000000e+00
8.800000000000000000e+01,1.250000000000000000e+02,1.500000000000000000e+00,-5.450000000000000000e+01,6.172840000000000347e-05
8.800000000000000000e+01,1.260000000000000000e+02,1.500000000000000000e+00,-5.350000000000000000e+01,9.104939999999999735e-04
8.800000000000000000e+01,1.270000000000000000e+02,1.500000000000000000e+00,-5.250000000000000000e+01,3.086420000000000174e-05
8.800000000000000000e+01,1.280000000000000000e+02,1.500000000000000000e+00,-5.150000000000000000e+01,2.083329999999999991e-04
8.800000000000000000e+01,1.290000000000000000e+02,1.500000000000000000e+00,-5.050000000000000000e+01,1.423530000000000073e-01
8.900000000000000000e+01,1.020000000000000000e+02,5.000000000000000000e-01,-7.750000000000000000e+01,3.182100000000000206e-02
8.900000000000000000e+01,1.030000000000000000e+02,5.000000000000000000e-01,-7.650000000000000000e+01,7.445990000000000421e-03
8.900000000000000000e+01,1.040000000000000000e+02,5.000000000000000000e-01,-7.550000000000000000e+01,1.596449999999999952e-02
8.900000000000000000e+01,1.050000000000000000e+02,5.000000000000000000e-01,-7.450000000000000000e+01,1.099540000000000066e-02
8.900000000000000000e+01,1.060000000000000000e+02,5.000000000000000000e-01,-7.350000000000000000e+01,2.175929999999999965e-03
8.900000000000000000e+01,1.070000000000000000e+02,5.000000000000000000e-01,-7.250000000000000000e+01,1.512349999999999979e-03
8.900000000000000000e+01,1.080000000000000000e+02,5.000000000000000000e-01,-7.150000000000000000e+01,5.933639999999999574e-03
8.900000000000000000e+01,1.090000000000000000e+02,5.000000000000000000e-01,-7.050000000000000000e+01,1.481480000000000080e-03
8.900000000000000000e+01,1.100000000000000000e+02,5.000000000000000000e-01,-6.950000000000000000e+01,6.844140000000000293e-03
8.900000000000000000e+01,1.110000000000000000e+02,5.000000000000000000e-01,-6.850000000000000000e+01,1.452160000000000083e-02
8.900000000000000000e+01,1.120000000000000000e+02,5.000000000000000000e-01,-6.750000000000000000e+01,2.325620000000000118e-02
8.900000000000000000e+01,1.130000000000000000e+02,5.000000000000000000e-01,-6.650000000000000000e+01,3.888889999999999882e-03
8.900000000000000000e+01,1.140000000000000000e+02,5.000000000000000000e-01,-6.550000000000000000e+01,2.391980000000000094e-04
8.900000000000000000e+01,1.150000000000000000e+02,5.000000000000000000e-01,-6.450000000000000000e+01,0.000000000000000000e+00
8.900000000000000000e+01,1.160000000000000000e+02,5.000000000000000000e-01,-6.350000000000000000e+01,7.870369999999999797e-04
8.900000000000000000e+01,1.170000000000000000e+02,5.000000000000000000e-01,-6.250000000000000000e+01,4.776230000000000232e-03
8.900000000000000000e+01,1.180000000000000000e+02,5.000000000000000000e-01,-6.150000000000000000e+01,1.778549999999999923e-02
8.900000000000000000e+01,1.190000000000000000e+02,5.000000000000000000e-01,-6.050000000000000000e+01,3.086420000000000174e-05
8.900000000000000000e+01,1.200000000000000000e+02,5.000000000000000000e-01,-5.950000000000000000e+01,7.021599999999999587e-04
8.900000000000000000e+01,1.210000000000000000e+02,5.000000000000000000e-01,-5.850000000000000000e+01,5.632719999999999698e-04
8.900000000000000000e+01,1.220000000000000000e+02,5.000000000000000000e-01,-5.750000000000000000e+01,2.314809999999999882e-04
8.900000000000000000e+01,1.230000000000000000e+02,5.000000000000000000e-01,-5.650000000000000000e+01,5.787040000000000239e-03
8.900000000000000000e+01,1.240000000000000000e+02,5.000000000000000000e-01,-5.550000000000000000e+01,1.412040000000000040e-03
8.900000000000000000e+01,1.250000000000000000e+02,5.000000000000000000e-01,-5.450000000000000000e+01,2.283949999999999869e-03
8.900000000000000000e+01,1.260000000000000000e+02,5.000000000000000000e-01,-5.350000000000000000e+01,3.958330000000000355e-03
8.900000000000000000e+01,1.270000000000000000e+02,5.000000000000000000e-01,-5.250000000000000000e+01,4.475309999999999813e-04
8.900000000000000000e+01,1.280000000000000000e+02,5.000000000000000000e-01,-5.150000000000000000e+01,1.211420000000000032e-02
8.900000000000000000e+01,1.290000000000000000e+02,5.000000000000000000e-01,-5.050000000000000000e+01,2.982639999999999736e-01
9.000000000000000000e+01,1.020000000000000000e+02,-5.000000000000000000e-01,-7.750000000000000000e+01,8.395059999999999328e-03
9.000000000000000000e+01,1.030000000000000000e+02,-5.000000000000000000e-01,-7.650000000000000000e+01,1.516200000000000013e-02
9.000000000000000000e+01,1.040000000000000000e+02,-5.000000000000000000e-01,-7.550000000000000000e+01,2.324069999999999955e-02
9.000000000000000000e+01,1.050000000000000000e+02,-5.000000000000000000e-01,-7.450000000000000000e+01,2.016980000000000162e-02
9.000000000000000000e+01,1.060000000000000000e+02,-5.000000000000000000e-01,-7.350000000000000000e+01,9.544749999999999415e-03
9.000000000000000000e+01,1.070000000000000000e+02,-5.000000000000000000e-01,-7.250000000000000000e+01,1.153550000000000061e-02
9.000000000000000000e+01,1.080000000000000000e+02,-5.000000000000000000e-01,-7.150000000000000000e+01,6.412039999999999927e-03
9.000000000000000000e+01,1.090000000000000000e+02,-5.000000000000000000e-01,-7.050000000000000000e+01,7.885800000000000101e-03
9.000000000000000000e+01,1.100000000000000000e+02,-5.000000000000000000e-01,-6.950000000000000000e+01,6.867279999999999478e-04
9.000000000000000000e+01,1.110000000000000000e+02,-5.000000000000000000e-01,-6.850000000000000000e+01,1.304009999999999978e-03
9.000000000000000000e+01,1.120000000000000000e+02,-5.000000000000000000e-01,-6.750000000000000000e+01,1.040899999999999985e-02
9.000000000000000000e+01,1.130000000000000000e+02,-5.000000000000000000e-01,-6.650000000000000000e+01,2.633490000000000136e-02
9.000000000000000000e+01,1.140000000000000000e+02,-5.000000000000000000e-01,-6.550000000000000000e+01,3.538580000000000197e-02
9.000000000000000000e+01,1.150000000000000000e+02,-5.000000000000000000e-01,-6.450000000000000000e+01,4.425930000000000142e-02
9.000000000000000000e+01,1.160000000000000000e+02,-5.000000000000000000e-01,-6.350000000000000000e+01,6.526229999999999531e-02
9.000000000000000000e+01,1.170000000000000000e+02,-5.000000000000000000e-01,-6.250000000000000000e+01,2.433640000000000109e-02
9.000000000000000000e+01,1.180000000000000000e+02,-5.000000000000000000e-01,-6.150000000000000000e+01,1.884260000000000101e-02
9.000000000000000000e+01,1.190000000000000000e+02,-5.000000000000000000e-01,-6.050000000000000000e+01,1.766980000000000026e-03
9.000000000000000000e+01,1.200000000000000000e+02,-5.000000000000000000e-01,-5.950000000000000000e+01,5.802469999999999677e-03
9.000000000000000000e+01,1.210000000000000000e+02,-5.000000000000000000e-01,-5.850000000000000000e+01,3.086419999999999875e-03
9.000000000000000000e+01,1.220000000000000000e+02,-5.000000000000000000e-01,-5.750000000000000000e+01,2.785489999999999841e-03
9.000000000000000000e+01,1.230000000000000000e+02,-5.000000000000000000e-01,-5.650000000000000000e+01,9.081789999999999308e-03
9.000000000000000000e+01,1.240000000000000000e+02,-5.000000000000000000e-01,-5.550000000000000000e+01,0.000000000000000000e+00
9.000000000000000000e+01,1.250000000000000000e+02,-5.000000000000000000e-01,-5.450000000000000000e+01,0.000000000000000000e+00
9.000000000000000000e+01,1.260000000000000000e+02,-5.000000000000000000e-01,-5.350000000000000000e+01,2.708330000000000112e-03
9.000000000000000000e+01,1.270000000000000000e+02,-5.000000000000000000e-01,-5.250000000000000000e+01,7.106480000000000088e-03
9.000000000000000000e+01,1.280000000000000000e+02,-5.000000000000000000e-01,-5.150000000000000000e+01,1.529089999999999894e-01
9.000000000000000000e+01,1.290000000000000000e+02,-5.000000000000000000e-01,-5.050000000000000000e+01,1.925999999999999934e-01
9.000000000000000000e+01,1.300000000000000000e+02,-5.000000000000000000e-01,-4.950000000000000000e+01,1.482559999999999989e-01
9.000000000000000000e+01,1.310000000000000000e+02,-5.000000000000000000e-01,-4.850000000000000000e+01,5.397610000000000463e-01
9.000000000000000000e+01,1.320000000000000000e+02,-5.000000000000000000e-01,-4.750000000000000000e+01,6.630399999999999627e-01
9.100000000000000000e+01,1.020000000000000000e+02,-1.500000000000000000e+00,-7.750000000000000000e+01,8.950619999999999627e-04
9.100000000000000000e+01,1.030000000000000000e+02,-1.500000000000000000e+00,-7.650000000000000000e+01,1.898149999999999924e-03
9.100000000000000000e+01,1.040000000000000000e+02,-1.500000000000000000e+00,-7.550000000000000000e+01,6.867279999999999912e-03
9.100000000000000000e+01,1.050000000000000000e+02,-1.500000000000000000e+00,-7.450000000000000000e+01,1.591820000000000040e-02
9.100000000000000000e+01,1.060000000000000000e+02,-1.500000000000000000e+00,-7.350000000000000000e+01,1.229940000000000026e-02
9.100000000000000000e+01,1.070000000000000000e+02,-1.500000000000000000e+00,-7.250000000000000000e+01,1.543210000000000087e-05
9.100000000000000000e+01,1.080000000000000000e+02,-1.500000000000000000e+00,-7.150000000000000000e+01,8.888889999999999986e-03
9.100000000000000000e+01,1.090000000000000000e+02,-1.500000000000000000e+00,-7.050000000000000000e+01,1.824850000000000083e-02
9.100000000000000000e+01,1.100000000000000000e+02,-1.500000000000000000e+00,-6.950000000000000000e+01,3.050150000000000083e-02
9.100000000000000000e+01,1.110000000000000000e+02,-1.500000000000000000e+00,-6.850000000000000000e+01,2.104939999999999936e-02
9.100000000000000000e+01,1.120000000000000000e+02,-1.500000000000000000e+00,-6.750000000000000000e+01,2.482250000000000081e-02
9.100000000000000000e+01,1.130000000000000000e+02,-1.500000000000000000e+00,-6.650000000000000000e+01,2.942130000000000092e-02
9.100000000000000000e+01,1.140000000000000000e+02,-1.500000000000000000e+00,-6.550000000000000000e+01,2.584099999999999939e-02
9.100000000000000000e+01,1.150000000000000000e+02,-1.500000000000000000e+00,-6.450000000000000000e+01,2.314809999999999950e-05
9.100000000000000000e+01,1.160000000000000000e+02,-1.500000000000000000e+00,-6.350000000000000000e+01,3.618829999999999963e-03
9.100000000000000000e+01,1.170000000000000000e+02,-1.500000000000000000e+00,-6.250000000000000000e+01,7.145830000000000237e-02
9.100000000000000000e+01,1.180000000000000000e+02,-1.500000000000000000e+00,-6.150000000000000000e+01,7.897379999999999678e-02
9.100000000000000000e+01,1.190000000000000000e+02,-1.500000000000000000e+00,-6.050000000000000000e+01,4.410490000000000244e-02
9.100000000000000000e+01,1.200000000000000000e+02,-1.500000000000000000e+00,-5.950000000000000000e+01,1.467670000000000086e-01
9.100000000000000000e+01,1.210000000000000000e+02,-1.500000000000000000e+00,-5.850000000000000000e+01,3.449069999999999827e-03
9.100000000000000000e+01,1.220000000000000000e+02,-1.500000000000000000e+00,-5.750000000000000000e+01,7.723769999999999594e-03
9.100000000000000000e+01,1.230000000000000000e+02,-1.500000000000000000e+00,-5.650000000000000000e+01,6.563270000000000215e-02
9.100000000000000000e+01,1.240000000000000000e+02,-1.500000000000000000e+00,-5.550000000000000000e+01,7.269290000000000473e-02
9.100000000000000000e+01,1.250000000000000000e+02,-1.500000000000000000e+00,-5.450000000000000000e+01,1.410490000000000008e-02
9.100000000000000000e+01,1.260000000000000000e+02,-1.500000000000000000e+00,-5.350000000000000000e+01,7.584100000000000563e-02
9.100000000000000000e+01,1.270000000000000000e+02,-1.500000000000000000e+00,-5.250000000000000000e+01,1.131100000000000022e-01
9.100000000000000000e+01,1.280000000000000000e+02,-1.500000000000000000e+00,-5.150000000000000000e+01,1.239579999999999987e-01
9.100000000000000000e+01,1.290000000000000000e+02,-1.500000000000000000e+00,-5.050000000000000000e+01,8.607249999999999623e-02
9.100000000000000000e+01,1.300000000000000000e+02,-1.500000000000000000e+00,-4.950000000000000000e+01,1.586809999999999887e-01
9.100000000000000000e+01,1.310000000000000000e+02,-1.500000000000000000e+00,-4.850000000000000000e+01,1.956869999999999998e-01
9.100000000000000000e+01,1.320000000000000000e+02,-1.500000000000000000e+00,-4.750000000000000000e+01,7.793210000000000068e-03
9.100000000000000000e+01,1.330000000000000000e+02,-1.500000000000000000e+00,-4.650000000000000000e+01,3.442900000000000127e-02
9.100000000000000000e+01,1.340000000000000000e+02,-1.500000000000000000e+00,-4.550000000000000000e+01,3.652009999999999978e-01
9.200000000000000000e+01,1.010000000000000000e+02,-2.500000000000000000e+00,-7.850000000000000000e+01,5.331790000000000314e-03
9.200000000000000000e+01,1.020000000000000000e+02,-2.500000000000000000e+00,-7.750000000000000000e+01,3.379629999999999787e-03
9.200000000000000000e+01,1.030000000000000000e+02,-2.500000000000000000e+00,-7.650000000000000000e+01,6.712959999999999587e-03
9.200000000000000000e+01,1.040000000000000000e+02,-2.500000000000000000e+00,-7.550000000000000000e+01,2.422839999999999890e-03
9.200000000000000000e+01,1.050000000000000000e+02,-2.500000000000000000e+00,-7.450000000000000000e+01,1.181330000000000054e-02
9.200000000000000000e+01,1.060000000000000000e+02,-2.500000000000000000e+00,-7.350000000000000000e+01,1.778549999999999923e-02
9.200000000000000000e+01,1.070000000000000000e+02,-2.500000000000000000e+00,-7.250000000000000000e+01,1.097219999999999966e-02
9.200000000000000000e+01,1.080000000000000000e+02,-2.500000000000000000e+00,-7.150000000000000000e+01,1.646600000000000147e-02
9.200000000000000000e+01,1.090000000000000000e+02,-2.500000000000000000e+00,-7.050000000000000000e+01,1.604939999999999839e-02
9.200000000000000000e+01,1.100000000000000000e+02,-2.500000000000000000e+00,-6.950000000000000000e+01,1.592589999999999978e-02
9.200000000000000000e+01,1.110000000000000000e+02,-2.500000000000000000e+00,-6.850000000000000000e+01,1.499230000000000007e-02
9.200000000000000000e+01,1.120000000000000000e+02,-2.500000000000000000e+00,-6.750000000000000000e+01,3.620369999999999838e-02
9.200000000000000000e+01,1.130000000000000000e+02,-2.500000000000000000e+00,-6.650000000000000000e+01,6.038580000000000336e-02
9.200000000000000000e+01,1.140000000000000000e+02,-2.500000000000000000e+00,-6.550000000000000000e+01,8.519290000000000196e-02
9.200000000000000000e+01,1.150000000000000000e+02,-2.500000000000000000e+00,-6.450000000000000000e+01,2.725309999999999885e-02
9.200000000000000000e+01,1.160000000000000000e+02,-2.500000000000000000e+00,-6.350000000000000000e+01,3.086420000000000174e-05
9.200000000000000000e+01,1.170000000000000000e+02,-2.500000000000000000e+00,-6.250000000000000000e+01,3.626540000000000145e-04
9.200000000000000000e+01,1.180000000000000000e+02,-2.500000000000000000e+00,-6.150000000000000000e+01,3.070219999999999894e-02
9.200000000000000000e+01,1.190000000000000000e+02,-2.500000000000000000e+00,-6.050000000000000000e+01,8.410489999999999633e-02
9.200000000000000000e+01,1.200000000000000000e+02,-2.500000000000000000e+00,-5.950000000000000000e+01,4.429009999999999718e-03
9.200000000000000000e+01,1.210000000000000000e+02,-2.500000000000000000e+00,-5.850000000000000000e+01,6.687500000000000389e-02
9.200000000000000000e+01,1.220000000000000000e+02,-2.500000000000000000e+00,-5.750000000000000000e+01,1.248609999999999998e-01
9.200000000000000000e+01,1.230000000000000000e+02,-2.500000000000000000e+00,-5.650000000000000000e+01,1.856099999999999972e-01
9.200000000000000000e+01,1.240000000000000000e+02,-2.500000000000000000e+00,-5.550000000000000000e+01,2.337420000000000053e-01
9.200000000000000000e+01,1.250000000000000000e+02,-2.500000000000000000e+00,-5.450000000000000000e+01,2.315119999999999956e-01
9.200000000000000000e+01,1.260000000000000000e+02,-2.500000000000000000e+00,-5.350000000000000000e+01,3.020060000000000106e-02
9.200000000000000000e+01,1.270000000000000000e+02,-2.500000000000000000e+00,-5.250000000000000000e+01,6.871910000000000518e-02
9.200000000000000000e+01,1.280000000000000000e+02,-2.500000000000000000e+00,-5.150000000000000000e+01,3.070219999999999894e-02
9.200000000000000000e+01,1.290000000000000000e+02,-2.500000000000000000e+00,-5.050000000000000000e+01,1.645829999999999863e-02
9.200000000000000000e+01,1.300000000000000000e+02,-2.500000000000000000e+00,-4.950000000000000000e+01,5.591050000000000186e-02
9.200000000000000000e+01,1.310000000000000000e+02,-2.500000000000000000e+00,-4.850000000000000000e+01,8.487650000000000229e-04
9.200000000000000000e+01,1.320000000000000000e+02,-2.500000000000000000e+00,-4.750000000000000000e+01,5.787040000000000239e-03
9.200000000000000000e+01,1.330000000000000000e+02,-2.500000000000000000e+00,-4.650000000000000000e+01,1.466049999999999992e-03
9.200000000000000000e+01,1.340000000000000000e+02,-2.500000000000000000e+00,-4.550000000000000000e+01,1.871139999999999956e-02
9.200000000000000000e+01,1.350000000000000000e+02,-2.500000000000000000e+00,-4.450000000000000000e+01,3.558490000000000264e-01
9.200000000000000000e+01,1.360000000000000000e+02,-2.500000000000000000e+00,-4.350000000000000000e+01,4.799149999999999805e-01
9.300000000000000000e+01,1.010000000000000000e+02,-3.500000000000000000e+00,-7.850000000000000000e+01,3.695990000000000126e-03
9.300000000000000000e+01,1.020000000000000000e+02,-3.500000000000000000e+00,-7.750000000000000000e+01,1.143519999999999953e-02
9.300000000000000000e+01,1.030000000000000000e+02,-3.500000000000000000e+00,-7.650000000000000000e+01,9.791670000000000582e-03
9.300000000000000000e+01,1.040000000000000000e+02,-3.500000000000000000e+00,-7.550000000000000000e+01,1.628090000000000006e-03
9.300000000000000000e+01,1.050000000000000000e+02,-3.500000000000000000e+00,-7.450000000000000000e+01,5.702160000000000388e-03
9.300000000000000000e+01,1.060000000000000000e+02,-3.500000000000000000e+00,-7.350000000000000000e+01,3.029319999999999929e-02
9.300000000000000000e+01,1.070000000000000000e+02,-3.500000000000000000e+00,-7.250000000000000000e+01,2.685960000000000084e-02
9.300000000000000000e+01,1.080000000000000000e+02,-3.500000000000000000e+00,-7.150000000000000000e+01,2.943669999999999967e-02
9.300000000000000000e+01,1.090000000000000000e+02,-3.500000000000000000e+00,-7.050000000000000000e+01,2.511570000000000122e-02
9.300000000000000000e+01,1.100000000000000000e+02,-3.500000000000000000e+00,-6.950000000000000000e+01,2.272379999999999886e-02
9.300000000000000000e+01,1.110000000000000000e+02,-3.500000000000000000e+00,-6.850000000000000000e+01,3.354170000000000068e-02
9.300000000000000000e+01,1.120000000000000000e+02,-3.500000000000000000e+00,-6.750000000000000000e+01,2.638889999999999986e-02
9.300000000000000000e+01,1.130000000000000000e+02,-3.500000000000000000e+00,-6.650000000000000000e+01,1.352620000000000038e-02
9.300000000000000000e+01,1.140000000000000000e+02,-3.500000000000000000e+00,-6.550000000000000000e+01,4.729940000000000186e-03
9.300000000000000000e+01,1.150000000000000000e+02,-3.500000000000000000e+00,-6.450000000000000000e+01,8.144289999999999863e-02
9.300000000000000000e+01,1.160000000000000000e+02,-3.500000000000000000e+00,-6.350000000000000000e+01,5.966819999999999763e-02
9.300000000000000000e+01,1.170000000000000000e+02,-3.500000000000000000e+00,-6.250000000000000000e+01,7.364969999999999850e-02
9.300000000000000000e+01,1.180000000000000000e+02,-3.500000000000000000e+00,-6.150000000000000000e+01,7.283950000000000147e-02
9.300000000000000000e+01,1.190000000000000000e+02,-3.500000000000000000e+00,-6.050000000000000000e+01,1.240590000000000026e-01
9.300000000000000000e+01,1.200000000000000000e+02,-3.500000000000000000e+00,-5.950000000000000000e+01,1.168359999999999954e-01
9.300000000000000000e+01,1.210000000000000000e+02,-3.500000000000000000e+00,-5.850000000000000000e+01,1.173690000000000011e-01
9.300000000000000000e+01,1.220000000000000000e+02,-3.500000000000000000e+00,-5.750000000000000000e+01,6.768520000000000092e-02
9.300000000000000000e+01,1.230000000000000000e+02,-3.500000000000000000e+00,-5.650000000000000000e+01,7.175929999999999635e-03
9.300000000000000000e+01,1.240000000000000000e+02,-3.500000000000000000e+00,-5.550000000000000000e+01,7.560189999999999966e-02
9.300000000000000000e+01,1.250000000000000000e+02,-3.500000000000000000e+00,-5.450000000000000000e+01,1.365740000000000053e-03
9.300000000000000000e+01,1.260000000000000000e+02,-3.500000000000000000e+00,-5.350000000000000000e+01,3.263890000000000194e-03
9.300000000000000000e+01,1.270000000000000000e+02,-3.500000000000000000e+00,-5.250000000000000000e+01,3.878090000000000009e-02
9.300000000000000000e+01,1.280000000000000000e+02,-3.500000000000000000e+00,-5.150000000000000000e+01,3.020060000000000106e-02
9.300000000000000000e+01,1.290000000000000000e+02,-3.500000000000000000e+00,-5.050000000000000000e+01,9.645059999999999571e-04
9.300000000000000000e+01,1.300000000000000000e+02,-3.500000000000000000e+00,-4.950000000000000000e+01,5.433639999999999998e-02
9.300000000000000000e+01,1.310000000000000000e+02,-3.500000000000000000e+00,-4.850000000000000000e+01,1.388890000000000046e-04
9.300000000000000000e+01,1.320000000000000000e+02,-3.500000000000000000e+00,-4.750000000000000000e+01,2.314809999999999882e-04
9.300000000000000000e+01,1.330000000000000000e+02,-3.500000000000000000e+00,-4.650000000000000000e+01,1.018519999999999972e-03
9.300000000000000000e+01,1.340000000000000000e+02,-3.500000000000000000e+00,-4.550000000000000000e+01,3.066359999999999919e-02
9.300000000000000000e+01,1.350000000000000000e+02,-3.500000000000000000e+00,-4.450000000000000000e+01,4.647380000000000261e-02
9.300000000000000000e+01,1.360000000000000000e+02,-3.500000000000000000e+00,-4.350000000000000000e+01,6.327159999999999642e-04
9.400000000000000000e+01,1.010000000000000000e+02,-4.500000000000000000e+00,-7.850000000000000000e+01,4.645060000000000335e-03
9.400000000000000000e+01,1.020000000000000000e+02,-4.500000000000000000e+00,-7.750000000000000000e+01,1.604169999999999902e-02
9.400000000000000000e+01,1.030000000000000000e+02,-4.500000000000000000e+00,-7.650000000000000000e+01,2.052469999999999989e-02
9.400000000000000000e+01,1.040000000000000000e+02,-4.500000000000000000e+00,-7.550000000000000000e+01,9.097219999999999612e-03
9.400000000000000000e+01,1.050000000000000000e+02,-4.500000000000000000e+00,-7.450000000000000000e+01,2.779320000000000054e-02
9.400000000000000000e+01,1.060000000000000000e+02,-4.500000000000000000e+00,-7.350000000000000000e+01,3.924380000000000229e-02
9.400000000000000000e+01,1.070000000000000000e+02,-4.500000000000000000e+00,-7.250000000000000000e+01,1.358019999999999930e-03
9.400000000000000000e+01,1.080000000000000000e+02,-4.500000000000000000e+00,-7.150000000000000000e+01,9.645060000000000439e-03
9.400000000000000000e+01,1.090000000000000000e+02,-4.500000000000000000e+00,-7.050000000000000000e+01,2.233800000000000022e-02
9.400000000000000000e+01,1.100000000000000000e+02,-4.500000000000000000e+00,-6.950000000000000000e+01,2.737650000000000153e-02
9.400000000000000000e+01,1.110000000000000000e+02,-4.500000000000000000e+00,-6.850000000000000000e+01,5.540119999999999940e-03
9.400000000000000000e+01,1.120000000000000000e+02,-4.500000000000000000e+00,-6.750000000000000000e+01,5.802469999999999677e-03
9.400000000000000000e+01,1.130000000000000000e+02,-4.500000000000000000e+00,-6.650000000000000000e+01,1.190590000000000051e-02
9.400000000000000000e+01,1.140000000000000000e+02,-4.500000000000000000e+00,-6.550000000000000000e+01,1.396600000000000012e-03
9.400000000000000000e+01,1.150000000000000000e+02,-4.500000000000000000e+00,-6.450000000000000000e+01,9.259259999999999843e-05
9.400000000000000000e+01,1.160000000000000000e+02,-4.500000000000000000e+00,-6.350000000000000000e+01,7.700619999999999687e-02
9.400000000000000000e+01,1.170000000000000000e+02,-4.500000000000000000e+00,-6.250000000000000000e+01,5.087959999999999705e-02
9.400000000000000000e+01,1.180000000000000000e+02,-4.500000000000000000e+00,-6.150000000000000000e+01,2.030859999999999957e-02
9.400000000000000000e+01,1.190000000000000000e+02,-4.500000000000000000e+00,-6.050000000000000000e+01,3.067900000000000141e-02
9.400000000000000000e+01,1.200000000000000000e+02,-4.500000000000000000e+00,-5.950000000000000000e+01,5.320989999999999748e-02
9.400000000000000000e+01,1.210000000000000000e+02,-4.500000000000000000e+00,-5.850000000000000000e+01,2.081790000000000029e-02
9.400000000000000000e+01,1.220000000000000000e+02,-4.500000000000000000e+00,-5.750000000000000000e+01,6.550929999999999948e-03
9.400000000000000000e+01,1.230000000000000000e+02,-4.500000000000000000e+00,-5.650000000000000000e+01,2.952159999999999854e-02
9.400000000000000000e+01,1.240000000000000000e+02,-4.500000000000000000e+00,-5.550000000000000000e+01,1.514659999999999965e-02
9.400000000000000000e+01,1.250000000000000000e+02,-4.500000000000000000e+00,-5.450000000000000000e+01,1.162810000000000059e-02
9.400000000000000000e+01,1.260000000000000000e+02,-4.500000000000000000e+00,-5.350000000000000000e+01,1.310960000000000077e-02
9.400000000000000000e+01,1.270000000000000000e+02,-4.500000000000000000e+00,-5.250000000000000000e+01,2.131939999999999877e-02
9.400000000000000000e+01,1.280000000000000000e+02,-4.500000000000000000e+00,-5.150000000000000000e+01,1.689809999999999923e-03
9.400000000000000000e+01,1.290000000000000000e+02,-4.500000000000000000e+00,-5.050000000000000000e+01,0.000000000000000000e+00
9.400000000000000000e+01,1.300000000000000000e+02,-4.500000000000000000e+00,-4.950000000000000000e+01,1.590050000000000074e-01
9.400000000000000000e+01,1.310000000000000000e+02,-4.500000000000000000e+00,-4.850000000000000000e+01,4.629629999999999922e-05
9.400000000000000000e+01,1.320000000000000000e+02,-4.500000000000000000e+00,-4.750000000000000000e+01,6.172840000000000347e-05
9.400000000000000000e+01,1.330000000000000000e+02,-4.500000000000000000e+00,-4.650000000000000000e+01,1.003090000000000047e-04
9.400000000000000000e+01,1.340000000000000000e+02,-4.500000000000000000e+00,-4.550000000000000000e+01,5.246909999999999812e-04
9.400000000000000000e+01,1.350000000000000000e+02,-4.500000000000000000e+00,-4.450000000000000000e+01,1.566359999999999931e-03
9.400000000000000000e+01,1.360000000000000000e+02,-4.500000000000000000e+00,-4.350000000000000000e+01,8.487649999999999958e-05
9.500000000000000000e+01,1.000000000000000000e+02,-5.500000000000000000e+00,-7.950000000000000000e+01,9.706789999999999863e-03
9.500000000000000000e+01,1.010000000000000000e+02,-5.500000000000000000e+00,-7.850000000000000000e+01,6.913579999999999899e-03
9.500000000000000000e+01,1.020000000000000000e+02,-5.500000000000000000e+00,-7.750000000000000000e+01,1.481480000000000080e-03
9.500000000000000000e+01,1.030000000000000000e+02,-5.500000000000000000e+00,-7.650000000000000000e+01,7.391980000000000252e-03
9.500000000000000000e+01,1.040000000000000000e+02,-5.500000000000000000e+00,-7.550000000000000000e+01,1.800150000000000014e-02
9.500000000000000000e+01,1.050000000000000000e+02,-5.500000000000000000e+00,-7.450000000000000000e+01,4.327929999999999972e-02
9.500000000000000000e+01,1.060000000000000000e+02,-5.500000000000000000e+00,-7.350000000000000000e+01,6.543209999999999825e-03
9.500000000000000000e+01,1.070000000000000000e+02,-5.500000000000000000e+00,-7.250000000000000000e+01,5.864200000000000402e-04
9.500000000000000000e+01,1.080000000000000000e+02,-5.500000000000000000e+00,-7.150000000000000000e+01,1.064810000000000019e-03
9.500000000000000000e+01,1.090000000000000000e+02,-5.500000000000000000e+00,-7.050000000000000000e+01,1.666670000000000087e-03
9.500000000000000000e+01,1.100000000000000000e+02,-5.500000000000000000e+00,-6.950000000000000000e+01,0.000000000000000000e+00
9.500000000000000000e+01,1.110000000000000000e+02,-5.500000000000000000e+00,-6.850000000000000000e+01,4.629629999999999922e-05
9.500000000000000000e+01,1.120000000000000000e+02,-5.500000000000000000e+00,-6.750000000000000000e+01,1.346450000000000077e-02
9.500000000000000000e+01,1.130000000000000000e+02,-5.500000000000000000e+00,-6.650000000000000000e+01,2.168209999999999842e-03
9.500000000000000000e+01,1.140000000000000000e+02,-5.500000000000000000e+00,-6.550000000000000000e+01,2.793209999999999964e-03
9.500000000000000000e+01,1.150000000000000000e+02,-5.500000000000000000e+00,-6.450000000000000000e+01,2.196760000000000032e-02
9.500000000000000000e+01,1.160000000000000000e+02,-5.500000000000000000e+00,-6.350000000000000000e+01,3.232249999999999707e-02
9.500000000000000000e+01,1.170000000000000000e+02,-5.500000000000000000e+00,-6.250000000000000000e+01,1.925150000000000125e-02
9.500000000000000000e+01,1.180000000000000000e+02,-5.500000000000000000e+00,-6.150000000000000000e+01,1.925150000000000125e-02
9.500000000000000000e+01,1.190000000000000000e+02,-5.500000000000000000e+00,-6.050000000000000000e+01,3.306329999999999686e-02
9.500000000000000000e+01,1.200000000000000000e+02,-5.500000000000000000e+00,-5.950000000000000000e+01,1.623459999999999834e-02
9.500000000000000000e+01,1.210000000000000000e+02,-5.500000000000000000e+00,-5.850000000000000000e+01,1.543210000000000087e-05
9.500000000000000000e+01,1.220000000000000000e+02,-5.500000000000000000e+00,-5.750000000000000000e+01,2.689039999999999833e-02
9.500000000000000000e+01,1.230000000000000000e+02,-5.500000000000000000e+00,-5.650000000000000000e+01,1.629629999999999967e-02
9.500000000000000000e+01,1.240000000000000000e+02,-5.500000000000000000e+00,-5.550000000000000000e+01,2.716049999999999801e-03
9.500000000000000000e+01,1.250000000000000000e+02,-5.500000000000000000e+00,-5.450000000000000000e+01,8.287040000000000725e-03
9.500000000000000000e+01,1.260000000000000000e+02,-5.500000000000000000e+00,-5.350000000000000000e+01,0.000000000000000000e+00
9.500000000000000000e+01,1.270000000000000000e+02,-5.500000000000000000e+00,-5.250000000000000000e+01,1.796299999999999980e-02
9.500000000000000000e+01,1.280000000000000000e+02,-5.500000000000000000e+00,-5.150000000000000000e+01,0.000000000000000000e+00
9.500000000000000000e+01,1.290000000000000000e+02,-5.500000000000000000e+00,-5.050000000000000000e+01,3.549380000000000091e-04
9.500000000000000000e+01,1.300000000000000000e+02,-5.500000000000000000e+00,-4.950000000000000000e+01,1.185959999999999966e-02
9.500000000000000000e+01,1.310000000000000000e+02,-5.500000000000000000e+00,-4.850000000000000000e+01,3.513890000000000069e-02
9.500000000000000000e+01,1.320000000000000000e+02,-5.500000000000000000e+00,-4.750000000000000000e+01,1.078699999999999971e-02
9.500000000000000000e+01,1.330000000000000000e+02,-5.500000000000000000e+00,-4.650000000000000000e+01,1.080249999999999966e-04
9.500000000000000000e+01,1.340000000000000000e+02,-5.500000000000000000e+00,-4.550000000000000000e+01,1.697529999999999992e-04
9.500000000000000000e+01,1.350000000000000000e+02,-5.500000000000000000e+00,-4.450000000000000000e+01,4.922840000000000375e-03
9.500000000000000000e+01,1.360000000000000000e+02,-5.500000000000000000e+00,-4.350000000000000000e+01,1.689809999999999923e-03
9.600000000000000000e+01,1.010000000000000000e+02,-6.500000000000000000e+00,-7.850000000000000000e+01,3.703699999999999874e-03
9.600000000000000000e+01,1.020000000000000000e+02,-6.500000000000000000e+00,-7.750000000000000000e+01,3.024690000000000017e-03
9.600000000000000000e+01,1.030000000000000000e+02,-6.500000000000000000e+00,-7.650000000000000000e+01,5.146600000000000306e-03
9.600000000000000000e+01,1.040000000000000000e+02,-6.500000000000000000e+00,-7.550000000000000000e+01,2.722990000000000133e-02
9.600000000000000000e+01,1.050000000000000000e+02,-6.500000000000000000e+00,-7.450000000000000000e+01,8.765429999999999403e-03
9.600000000000000000e+01,1.060000000000000000e+02,-6.500000000000000000e+00,-7.350000000000000000e+01,0.000000000000000000e+00
9.600000000000000000e+01,1.070000000000000000e+02,-6.500000000000000000e+00,-7.250000000000000000e+01,0.000000000000000000e+00
9.600000000000000000e+01,1.080000000000000000e+02,-6.500000000000000000e+00,-7.150000000000000000e+01,3.179009999999999909e-03
9.600000000000000000e+01,1.090000000000000000e+02,-6.500000000000000000e+00,-7.050000000000000000e+01,7.067900000000000224e-03
9.600000000000000000e+01,1.100000000000000000e+02,-6.500000000000000000e+00,-6.950000000000000000e+01,1.258489999999999956e-02
9.600000000000000000e+01,1.110000000000000000e+02,-6.500000000000000000e+00,-6.850000000000000000e+01,1.327159999999999972e-02
9.600000000000000000e+01,1.120000000000000000e+02,-6.500000000000000000e+00,-6.750000000000000000e+01,2.692899999999999808e-03
9.600000000000000000e+01,1.130000000000000000e+02,-6.500000000000000000e+00,-6.650000000000000000e+01,1.535490000000000032e-03
9.600000000000000000e+01,1.140000000000000000e+02,-6.500000000000000000e+00,-6.550000000000000000e+01,4.197529999999999664e-03
9.600000000000000000e+01,1.150000000000000000e+02,-6.500000000000000000e+00,-6.450000000000000000e+01,2.078699999999999992e-02
9.600000000000000000e+01,1.160000000000000000e+02,-6.500000000000000000e+00,-6.350000000000000000e+01,4.706789999999999976e-04
9.600000000000000000e+01,1.170000000000000000e+02,-6.500000000000000000e+00,-6.250000000000000000e+01,3.105710000000000068e-02
9.600000000000000000e+01,1.180000000000000000e+02,-6.500000000000000000e+00,-6.150000000000000000e+01,1.527779999999999937e-02
9.600000000000000000e+01,1.190000000000000000e+02,-6.500000000000000000e+00,-6.050000000000000000e+01,9.158950000000000771e-03
9.600000000000000000e+01,1.200000000000000000e+02,-6.500000000000000000e+00,-5.950000000000000000e+01,4.089510000000000085e-04
9.600000000000000000e+01,1.210000000000000000e+02,-6.500000000000000000e+00,-5.850000000000000000e+01,1.957559999999999856e-02
9.600000000000000000e+01,1.220000000000000000e+02,-6.500000000000000000e+00,-5.750000000000000000e+01,1.356480000000000012e-02
9.600000000000000000e+01,1.230000000000000000e+02,-6.500000000000000000e+00,-5.650000000000000000e+01,9.876539999999999191e-04
9.600000000000000000e+01,1.240000000000000000e+02,-6.500000000000000000e+00,-5.550000000000000000e+01,3.503089999999999937e-03
9.600000000000000000e+01,1.250000000000000000e+02,-6.500000000000000000e+00,-5.450000000000000000e+01,4.783950000000000355e-03
9.600000000000000000e+01,1.260000000000000000e+02,-6.500000000000000000e+00,-5.350000000000000000e+01,1.597220000000000107e-03
9.600000000000000000e+01,1.270000000000000000e+02,-6.500000000000000000e+00,-5.250000000000000000e+01,2.099540000000000087e-02
9.600000000000000000e+01,1.280000000000000000e+02,-6.500000000000000000e+00,-5.150000000000000000e+01,3.009260000000000147e-03
9.600000000000000000e+01,1.290000000000000000e+02,-6.500000000000000000e+00,-5.050000000000000000e+01,5.092589999999999704e-04
9.600000000000000000e+01,1.300000000000000000e+02,-6.500000000000000000e+00,-4.950000000000000000e+01,5.979940000000000429e-03
9.600000000000000000e+01,1.310000000000000000e+02,-6.500000000000000000e+00,-4.850000000000000000e+01,1.951390000000000069e-02
9.600000000000000000e+01,1.320000000000000000e+02,-6.500000000000000000e+00,-4.750000000000000000e+01,9.058639999999999748e-03
9.600000000000000000e+01,1.330000000000000000e+02,-6.500000000000000000e+00,-4.650000000000000000e+01,3.858020000000000037e-05
9.600000000000000000e+01,1.340000000000000000e+02,-6.500000000000000000e+00,-4.550000000000000000e+01,1.157410000000000020e-04
9.600000000000000000e+01,1.350000000000000000e+02,-6.500000000000000000e+00,-4.450000000000000000e+01,8.016979999999999940e-03
9.600000000000000000e+01,1.360000000000000000e+02,-6.500000000000000000e+00,-4.350000000000000000e+01,1.801699999999999829e-02
9.700000000000000000e+01,1.020000000000000000e+02,-7.500000000000000000e+00,-7.750000000000000000e+01,8.279319999999999735e-03
9.700000000000000000e+01,1.030000000000000000e+02,-7.500000000000000000e+00,-7.650000000000000000e+01,7.577160000000000319e-03
9.700000000000000000e+01,1.040000000000000000e+02,-7.500000000000000000e+00,-7.550000000000000000e+01,1.935189999999999827e-02
9.700000000000000000e+01,1.050000000000000000e+02,-7.500000000000000000e+00,-7.450000000000000000e+01,1.387350000000000042e-02
9.700000000000000000e+01,1.060000000000000000e+02,-7.500000000000000000e+00,-7.350000000000000000e+01,7.716050000000000434e-06
9.700000000000000000e+01,1.070000000000000000e+02,-7.500000000000000000e+00,-7.250000000000000000e+01,5.740740000000000252e-03
9.700000000000000000e+01,1.080000000000000000e+02,-7.500000000000000000e+00,-7.150000000000000000e+01,2.746909999999999977e-03
9.700000000000000000e+01,1.090000000000000000e+02,-7.500000000000000000e+00,-7.050000000000000000e+01,5.910490000000000015e-03
9.700000000000000000e+01,1.100000000000000000e+02,-7.500000000000000000e+00,-6.950000000000000000e+01,3.302470000000000058e-03
9.700000000000000000e+01,1.110000000000000000e+02,-7.500000000000000000e+00,-6.850000000000000000e+01,9.876539999999999191e-04
9.700000000000000000e+01,1.120000000000000000e+02,-7.500000000000000000e+00,-6.750000000000000000e+01,6.334880000000000198e-03
9.700000000000000000e+01,1.130000000000000000e+02,-7.500000000000000000e+00,-6.650000000000000000e+01,1.080249999999999960e-02
9.700000000000000000e+01,1.140000000000000000e+02,-7.500000000000000000e+00,-6.550000000000000000e+01,1.458330000000000043e-02
9.700000000000000000e+01,1.150000000000000000e+02,-7.500000000000000000e+00,-6.450000000000000000e+01,8.341049999999999159e-03
9.700000000000000000e+01,1.160000000000000000e+02,-7.500000000000000000e+00,-6.350000000000000000e+01,1.990739999999999957e-03
9.700000000000000000e+01,1.170000000000000000e+02,-7.500000000000000000e+00,-6.250000000000000000e+01,2.101849999999999899e-02
9.700000000000000000e+01,1.180000000000000000e+02,-7.500000000000000000e+00,-6.150000000000000000e+01,5.632719999999999698e-04
9.700000000000000000e+01,1.190000000000000000e+02,-7.500000000000000000e+00,-6.050000000000000000e+01,9.212959999999999205e-03
9.700000000000000000e+01,1.200000000000000000e+02,-7.500000000000000000e+00,-5.950000000000000000e+01,0.000000000000000000e+00
9.700000000000000000e+01,1.210000000000000000e+02,-7.500000000000000000e+00,-5.850000000000000000e+01,1.576390000000000083e-02
9.700000000000000000e+01,1.220000000000000000e+02,-7.500000000000000000e+00,-5.750000000000000000e+01,4.475309999999999705e-03
9.700000000000000000e+01,1.230000000000000000e+02,-7.500000000000000000e+00,-5.650000000000000000e+01,0.000000000000000000e+00
9.700000000000000000e+01,1.240000000000000000e+02,-7.500000000000000000e+00,-5.550000000000000000e+01,1.342590000000000059e-03
9.700000000000000000e+01,1.250000000000000000e+02,-7.500000000000000000e+00,-5.450000000000000000e+01,6.481479999999999750e-04
9.700000000000000000e+01,1.260000000000000000e+02,-7.500000000000000000e+00,-5.350000000000000000e+01,4.259259999999999956e-03
9.700000000000000000e+01,1.270000000000000000e+02,-7.500000000000000000e+00,-5.250000000000000000e+01,1.368059999999999936e-02
9.700000000000000000e+01,1.280000000000000000e+02,-7.500000000000000000e+00,-5.150000000000000000e+01,1.141979999999999905e-03
9.700000000000000000e+01,1.290000000000000000e+02,-7.500000000000000000e+00,-5.050000000000000000e+01,5.401229999999999785e-05
9.700000000000000000e+01,1.300000000000000000e+02,-7.500000000000000000e+00,-4.950000000000000000e+01,1.849539999999999865e-02
9.700000000000000000e+01,1.310000000000000000e+02,-7.500000000000000000e+00,-4.850000000000000000e+01,4.320990000000000247e-04
9.700000000000000000e+01,1.320000000000000000e+02,-7.500000000000000000e+00,-4.750000000000000000e+01,1.067129999999999988e-02
9.700000000000000000e+01,1.330000000000000000e+02,-7.500000000000000000e+00,-4.650000000000000000e+01,2.932100000000000201e-04
9.700000000000000000e+01,1.340000000000000000e+02,-7.500000000000000000e+00,-4.550000000000000000e+01,2.006169999999999937e-04
9.800000000000000000e+01,1.020000000000000000e+02,-8.500000000000000000e+00,-7.750000000000000000e+01,2.564040000000000069e-02
9.800000000000000000e+01,1.030000000000000000e+02,-8.500000000000000000e+00,-7.650000000000000000e+01,1.552470000000000065e-02
9.800000000000000000e+01,1.040000000000000000e+02,-8.500000000000000000e+00,-7.550000000000000000e+01,3.078700000000000186e-03
9.800000000000000000e+01,1.050000000000000000e+02,-8.500000000000000000e+00,-7.450000000000000000e+01,3.883489999999999859e-02
9.800000000000000000e+01,1.060000000000000000e+02,-8.500000000000000000e+00,-7.350000000000000000e+01,0.000000000000000000e+00
9.800000000000000000e+01,1.070000000000000000e+02,-8.500000000000000000e+00,-7.250000000000000000e+01,3.641979999999999957e-03
9.800000000000000000e+01,1.080000000000000000e+02,-8.500000000000000000e+00,-7.150000000000000000e+01,0.000000000000000000e+00
9.800000000000000000e+01,1.090000000000000000e+02,-8.500000000000000000e+00,-7.050000000000000000e+01,3.796299999999999848e-03
9.800000000000000000e+01,1.100000000000000000e+02,-8.500000000000000000e+00,-6.950000000000000000e+01,1.929010000000000100e-03
9.800000000000000000e+01,1.110000000000000000e+02,-8.500000000000000000e+00,-6.850000000000000000e+01,1.651230000000000059e-03
9.800000000000000000e+01,1.120000000000000000e+02,-8.500000000000000000e+00,-6.750000000000000000e+01,8.464509999999999743e-03
9.800000000000000000e+01,1.130000000000000000e+02,-8.500000000000000000e+00,-6.650000000000000000e+01,3.086420000000000174e-05
9.800000000000000000e+01,1.140000000000000000e+02,-8.500000000000000000e+00,-6.550000000000000000e+01,1.689809999999999923e-03
9.800000000000000000e+01,1.150000000000000000e+02,-8.500000000000000000e+00,-6.450000000000000000e+01,4.483019999999999887e-03
9.800000000000000000e+01,1.160000000000000000e+02,-8.500000000000000000e+00,-6.350000000000000000e+01,3.976079999999999892e-02
9.800000000000000000e+01,1.170000000000000000e+02,-8.500000000000000000e+00,-6.250000000000000000e+01,9.444440000000000127e-03
9.800000000000000000e+01,1.180000000000000000e+02,-8.500000000000000000e+00,-6.150000000000000000e+01,1.851849999999999937e-03
9.800000000000000000e+01,1.190000000000000000e+02,-8.500000000000000000e+00,-6.050000000000000000e+01,3.371910000000000098e-03
9.800000000000000000e+01,1.200000000000000000e+02,-8.500000000000000000e+00,-5.950000000000000000e+01,2.415120000000000201e-03
9.800000000000000000e+01,1.210000000000000000e+02,-8.500000000000000000e+00,-5.850000000000000000e+01,7.415119999999999871e-03
9.800000000000000000e+01,1.220000000000000000e+02,-8.500000000000000000e+00,-5.750000000000000000e+01,1.437500000000000062e-02
9.800000000000000000e+01,1.230000000000000000e+02,-8.500000000000000000e+00,-5.650000000000000000e+01,0.000000000000000000e+00
9.800000000000000000e+01,1.240000000000000000e+02,-8.500000000000000000e+00,-5.550000000000000000e+01,0.000000000000000000e+00
9.800000000000000000e+01,1.250000000000000000e+02,-8.500000000000000000e+00,-5.450000000000000000e+01,0.000000000000000000e+00
9.800000000000000000e+01,1.260000000000000000e+02,-8.500000000000000000e+00,-5.350000000000000000e+01,2.399689999999999896e-03
9.800000000000000000e+01,1.270000000000000000e+02,-8.500000000000000000e+00,-5.250000000000000000e+01,1.735340000000000146e-02
9.800000000000000000e+01,1.280000000000000000e+02,-8.500000000000000000e+00,-5.150000000000000000e+01,0.000000000000000000e+00
9.800000000000000000e+01,1.290000000000000000e+02,-8.500000000000000000e+00,-5.050000000000000000e+01,1.311729999999999992e-04
9.800000000000000000e+01,1.300000000000000000e+02,-8.500000000000000000e+00,-4.950000000000000000e+01,1.784720000000000056e-02
9.800000000000000000e+01,1.310000000000000000e+02,-8.500000000000000000e+00,-4.850000000000000000e+01,6.172839999999999751e-03
9.800000000000000000e+01,1.320000000000000000e+02,-8.500000000000000000e+00,-4.750000000000000000e+01,7.870369999999999797e-04
9.800000000000000000e+01,1.330000000000000000e+02,-8.500000000000000000e+00,-4.650000000000000000e+01,4.398149999999999759e-04
9.900000000000000000e+01,1.030000000000000000e+02,-9.500000000000000000e+00,-7.650000000000000000e+01,1.314040000000000000e-02
9.900000000000000000e+01,1.040000000000000000e+02,-9.500000000000000000e+00,-7.550000000000000000e+01,7.847220000000000237e-03
9.900000000000000000e+01,1.050000000000000000e+02,-9.500000000000000000e+00,-7.450000000000000000e+01,2.334879999999999942e-02
9.900000000000000000e+01,1.060000000000000000e+02,-9.500000000000000000e+00,-7.350000000000000000e+01,1.064810000000000019e-03
9.900000000000000000e+01,1.070000000000000000e+02,-9.500000000000000000e+00,-7.250000000000000000e+01,3.780860000000000254e-04
9.900000000000000000e+01,1.080000000000000000e+02,-9.500000000000000000e+00,-7.150000000000000000e+01,0.000000000000000000e+00
9.900000000000000000e+01,1.090000000000000000e+02,-9.500000000000000000e+00,-7.050000000000000000e+01,4.953700000000000117e-03
9.900000000000000000e+01,1.100000000000000000e+02,-9.500000000000000000e+00,-6.950000000000000000e+01,2.006169999999999828e-03
9.900000000000000000e+01,1.110000000000000000e+02,-9.500000000000000000e+00,-6.850000000000000000e+01,2.353399999999999850e-03
9.900000000000000000e+01,1.120000000000000000e+02,-9.500000000000000000e+00,-6.750000000000000000e+01,1.466050000000000100e-04
9.900000000000000000e+01,1.130000000000000000e+02,-9.500000000000000000e+00,-6.650000000000000000e+01,1.543210000000000087e-05
9.900000000000000000e+01,1.140000000000000000e+02,-9.500000000000000000e+00,-6.550000000000000000e+01,9.351850000000000093e-03
9.900000000000000000e+01,1.150000000000000000e+02,-9.500000000000000000e+00,-6.450000000000000000e+01,1.795520000000000102e-02
9.900000000000000000e+01,1.160000000000000000e+02,-9.500000000000000000e+00,-6.350000000000000000e+01,2.608019999999999956e-03
9.900000000000000000e+01,1.170000000000000000e+02,-9.500000000000000000e+00,-6.250000000000000000e+01,5.478399999999999589e-04
9.900000000000000000e+01,1.180000000000000000e+02,-9.500000000000000000e+00,-6.150000000000000000e+01,2.893520000000000120e-03
9.900000000000000000e+01,1.190000000000000000e+02,-9.500000000000000000e+00,-6.050000000000000000e+01,2.106479999999999984e-03
9.900000000000000000e+01,1.200000000000000000e+02,-9.500000000000000000e+00,-5.950000000000000000e+01,1.705249999999999952e-03
9.900000000000000000e+01,1.210000000000000000e+02,-9.500000000000000000e+00,-5.850000000000000000e+01,1.618829999999999922e-02
9.900000000000000000e+01,1.220000000000000000e+02,-9.500000000000000000e+00,-5.750000000000000000e+01,2.878089999999999815e-03
9.900000000000000000e+01,1.230000000000000000e+02,-9.500000000000000000e+00,-5.650000000000000000e+01,6.365739999999999940e-03
9.900000000000000000e+01,1.240000000000000000e+02,-9.500000000000000000e+00,-5.550000000000000000e+01,3.719140000000000119e-03
9.900000000000000000e+01,1.250000000000000000e+02,-9.500000000000000000e+00,-5.450000000000000000e+01,4.629629999999999922e-04
9.900000000000000000e+01,1.260000000000000000e+02,-9.500000000000000000e+00,-5.350000000000000000e+01,1.080249999999999966e-04
9.900000000000000000e+01,1.270000000000000000e+02,-9.500000000000000000e+00,-5.250000000000000000e+01,1.605710000000000123e-02
9.900000000000000000e+01,1.280000000000000000e+02,-9.500000000000000000e+00,-5.150000000000000000e+01,1.543209999999999883e-04
9.900000000000000000e+01,1.290000000000000000e+02,-9.500000000000000000e+00,-5.050000000000000000e+01,1.112649999999999924e-02
9.900000000000000000e+01,1.300000000000000000e+02,-9.500000000000000000e+00,-4.950000000000000000e+01,6.882720000000000157e-03
9.900000000000000000e+01,1.310000000000000000e+02,-9.500000000000000000e+00,-4.850000000000000000e+01,6.273149999999999907e-03
9.900000000000000000e+01,1.320000000000000000e+02,-9.500000000000000000e+00,-4.750000000000000000e+01,5.632719999999999698e-04
9.900000000000000000e+01,1.330000000000000000e+02,-9.500000000000000000e+00,-4.650000000000000000e+01,7.638890000000000177e-04
1.000000000000000000e+02,1.030000000000000000e+02,-1.050000000000000000e+01,-7.650000000000000000e+01,4.644290000000000224e-02
1.000000000000000000e+02,1.040000000000000000e+02,-1.050000000000000000e+01,-7.550000000000000000e+01,8.302469999999999295e-03
1.000000000000000000e+02,1.050000000000000000e+02,-1.050000000000000000e+01,-7.450000000000000000e+01,7.152780000000000075e-03
1.000000000000000000e+02,1.060000000000000000e+02,-1.050000000000000000e+01,-7.350000000000000000e+01,1.173609999999999931e-02
1.000000000000000000e+02,1.070000000000000000e+02,-1.050000000000000000e+01,-7.250000000000000000e+01,0.000000000000000000e+00
1.000000000000000000e+02,1.080000000000000000e+02,-1.050000000000000000e+01,-7.150000000000000000e+01,1.381169999999999924e-03
1.000000000000000000e+02,1.090000000000000000e+02,-1.050000000000000000e+01,-7.050000000000000000e+01,3.163579999999999821e-04
1.000000000000000000e+02,1.100000000000000000e+02,-1.050000000000000000e+01,-6.950000000000000000e+01,0.000000000000000000e+00
1.000000000000000000e+02,1.110000000000000000e+02,-1.050000000000000000e+01,-6.850000000000000000e+01,6.172840000000000347e-05
1.000000000000000000e+02,1.120000000000000000e+02,-1.050000000000000000e+01,-6.750000000000000000e+01,1.311729999999999992e-04
1.000000000000000000e+02,1.130000000000000000e+02,-1.050000000000000000e+01,-6.650000000000000000e+01,6.358019999999999818e-03
1.000000000000000000e+02,1.140000000000000000e+02,-1.050000000000000000e+01,-6.550000000000000000e+01,2.213729999999999865e-02
1.000000000000000000e+02,1.150000000000000000e+02,-1.050000000000000000e+01,-6.450000000000000000e+01,0.000000000000000000e+00
1.000000000000000000e+02,1.160000000000000000e+02,-1.050000000000000000e+01,-6.350000000000000000e+01,0.000000000000000000e+00
1.000000000000000000e+02,1.170000000000000000e+02,-1.050000000000000000e+01,-6.250000000000000000e+01,1.543210000000000087e-05
1.000000000000000000e+02,1.180000000000000000e+02,-1.050000000000000000e+01,-6.150000000000000000e+01,2.191359999999999836e-03
1.000000000000000000e+02,1.190000000000000000e+02,-1.050000000000000000e+01,-6.050000000000000000e+01,9.567900000000000059e-04
1.000000000000000000e+02,1.200000000000000000e+02,-1.050000000000000000e+01,-5.950000000000000000e+01,1.543210000000000087e-05
1.000000000000000000e+02,1.210000000000000000e+02,-1.050000000000000000e+01,-5.850000000000000000e+01,1.138119999999999930e-02
1.000000000000000000e+02,1.220000000000000000e+02,-1.050000000000000000e+01,-5.750000000000000000e+01,2.808639999999999835e-03
1.000000000000000000e+02,1.230000000000000000e+02,-1.050000000000000000e+01,-5.650000000000000000e+01,1.157410000000000020e-04
1.000000000000000000e+02,1.240000000000000000e+02,-1.050000000000000000e+01,-5.550000000000000000e+01,8.333329999999999904e-03
1.000000000000000000e+02,1.250000000000000000e+02,-1.050000000000000000e+01,-5.450000000000000000e+01,9.027780000000000223e-04
1.000000000000000000e+02,1.260000000000000000e+02,-1.050000000000000000e+01,-5.350000000000000000e+01,7.777779999999999763e-03
1.000000000000000000e+02,1.270000000000000000e+02,-1.050000000000000000e+01,-5.250000000000000000e+01,3.881170000000000193e-03
1.000000000000000000e+02,1.280000000000000000e+02,-1.050000000000000000e+01,-5.150000000000000000e+01,6.481479999999999750e-04
1.000000000000000000e+02,1.290000000000000000e+02,-1.050000000000000000e+01,-5.050000000000000000e+01,1.652779999999999874e-02
1.000000000000000000e+02,1.300000000000000000e+02,-1.050000000000000000e+01,-4.950000000000000000e+01,1.196760000000000011e-02
1.000000000000000000e+02,1.310000000000000000e+02,-1.050000000000000000e+01,-4.850000000000000000e+01,6.057100000000000158e-03
1.000000000000000000e+02,1.320000000000000000e+02,-1.050000000000000000e+01,-4.750000000000000000e+01,1.319440000000000066e-03
1.000000000000000000e+02,1.330000000000000000e+02,-1.050000000000000000e+01,-4.650000000000000000e+01,2.106479999999999984e-03
1.010000000000000000e+02,1.040000000000000000e+02,-1.150000000000000000e+01,-7.550000000000000000e+01,2.240740000000000093e-02
1.010000000000000000e+02,1.050000000000000000e+02,-1.150000000000000000e+01,-7.450000000000000000e+01,2.889660000000000145e-02
1.010000000000000000e+02,1.060000000000000000e+02,-1.150000000000000000e+01,-7.350000000000000000e+01,8.233020000000000616e-03
1.010000000000000000e+02,1.070000000000000000e+02,-1.150000000000000000e+01,-7.250000000000000000e+01,1.759259999999999904e-03
1.010000000000000000e+02,1.080000000000000000e+02,-1.150000000000000000e+01,-7.150000000000000000e+01,1.543209999999999938e-03
1.010000000000000000e+02,1.090000000000000000e+02,-1.150000000000000000e+01,-7.050000000000000000e+01,2.623460000000000202e-03
1.010000000000000000e+02,1.100000000000000000e+02,-1.150000000000000000e+01,-6.950000000000000000e+01,7.716050000000000434e-06
1.010000000000000000e+02,1.110000000000000000e+02,-1.150000000000000000e+01,-6.850000000000000000e+01,4.783950000000000030e-04
1.010000000000000000e+02,1.120000000000000000e+02,-1.150000000000000000e+01,-6.750000000000000000e+01,1.141200000000000027e-02
1.010000000000000000e+02,1.130000000000000000e+02,-1.150000000000000000e+01,-6.650000000000000000e+01,3.414350000000000024e-02
1.010000000000000000e+02,1.140000000000000000e+02,-1.150000000000000000e+01,-6.550000000000000000e+01,3.424379999999999785e-02
1.010000000000000000e+02,1.150000000000000000e+02,-1.150000000000000000e+01,-6.450000000000000000e+01,4.012350000000000031e-04
1.010000000000000000e+02,1.160000000000000000e+02,-1.150000000000000000e+01,-6.350000000000000000e+01,0.000000000000000000e+00
1.010000000000000000e+02,1.170000000000000000e+02,-1.150000000000000000e+01,-6.250000000000000000e+01,2.314809999999999950e-05
1.010000000000000000e+02,1.180000000000000000e+02,-1.150000000000000000e+01,-6.150000000000000000e+01,7.870369999999999797e-04
1.010000000000000000e+02,1.190000000000000000e+02,-1.150000000000000000e+01,-6.050000000000000000e+01,2.314809999999999950e-05
1.010000000000000000e+02,1.200000000000000000e+02,-1.150000000000000000e+01,-5.950000000000000000e+01,1.388890000000000046e-04
1.010000000000000000e+02,1.210000000000000000e+02,-1.150000000000000000e+01,-5.850000000000000000e+01,4.760799999999999928e-03
1.010000000000000000e+02,1.220000000000000000e+02,-1.150000000000000000e+01,-5.750000000000000000e+01,3.279320000000000065e-03
1.010000000000000000e+02,1.230000000000000000e+02,-1.150000000000000000e+01,-5.650000000000000000e+01,1.388890000000000046e-04
1.010000000000000000e+02,1.240000000000000000e+02,-1.150000000000000000e+01,-5.550000000000000000e+01,4.120369999999999935e-03
1.010000000000000000e+02,1.250000000000000000e+02,-1.150000000000000000e+01,-5.450000000000000000e+01,7.716049999999999417e-05
1.010000000000000000e+02,1.260000000000000000e+02,-1.150000000000000000e+01,-5.350000000000000000e+01,8.464509999999999743e-03
1.010000000000000000e+02,1.270000000000000000e+02,-1.150000000000000000e+01,-5.250000000000000000e+01,2.569440000000000092e-03
1.010000000000000000e+02,1.280000000000000000e+02,-1.150000000000000000e+01,-5.150000000000000000e+01,1.180559999999999986e-03
1.010000000000000000e+02,1.290000000000000000e+02,-1.150000000000000000e+01,-5.050000000000000000e+01,1.823299999999999921e-02
1.010000000000000000e+02,1.300000000000000000e+02,-1.150000000000000000e+01,-4.950000000000000000e+01,9.629630000000000134e-03
1.010000000000000000e+02,1.310000000000000000e+02,-1.150000000000000000e+01,-4.850000000000000000e+01,7.438270000000000298e-03
1.010000000000000000e+02,1.320000000000000000e+02,-1.150000000000000000e+01,-4.750000000000000000e+01,1.466050000000000100e-04
1.010000000000000000e+02,1.330000000000000000e+02,-1.150000000000000000e+01,-4.650000000000000000e+01,5.609570000000000355e-03
1.020000000000000000e+02,1.050000000000000000e+02,-1.250000000000000000e+01,-7.450000000000000000e+01,1.040119999999999933e-02
1.020000000000000000e+02,1.060000000000000000e+02,-1.250000000000000000e+01,-7.350000000000000000e+01,1.369599999999999984e-02
1.020000000000000000e+02,1.070000000000000000e+02,-1.250000000000000000e+01,-7.250000000000000000e+01,8.611109999999999945e-03
1.020000000000000000e+02,1.080000000000000000e+02,-1.250000000000000000e+01,-7.150000000000000000e+01,4.452160000000000145e-03
1.020000000000000000e+02,1.090000000000000000e+02,-1.250000000000000000e+01,-7.050000000000000000e+01,1.259260000000000067e-02
1.020000000000000000e+02,1.100000000000000000e+02,-1.250000000000000000e+01,-6.950000000000000000e+01,1.624230000000000118e-02
1.020000000000000000e+02,1.110000000000000000e+02,-1.250000000000000000e+01,-6.850000000000000000e+01,9.845680000000000751e-03
1.020000000000000000e+02,1.120000000000000000e+02,-1.250000000000000000e+01,-6.750000000000000000e+01,2.283949999999999869e-03
1.020000000000000000e+02,1.130000000000000000e+02,-1.250000000000000000e+01,-6.650000000000000000e+01,7.530860000000000332e-03
1.020000000000000000e+02,1.140000000000000000e+02,-1.250000000000000000e+01,-6.550000000000000000e+01,8.179010000000000447e-02
1.020000000000000000e+02,1.150000000000000000e+02,-1.250000000000000000e+01,-6.450000000000000000e+01,2.428239999999999912e-02
1.020000000000000000e+02,1.160000000000000000e+02,-1.250000000000000000e+01,-6.350000000000000000e+01,9.305559999999999179e-03
1.020000000000000000e+02,1.170000000000000000e+02,-1.250000000000000000e+01,-6.250000000000000000e+01,1.844139999999999972e-03
1.020000000000000000e+02,1.180000000000000000e+02,-1.250000000000000000e+01,-6.150000000000000000e+01,1.388890000000000046e-04
1.020000000000000000e+02,1.190000000000000000e+02,-1.250000000000000000e+01,-6.050000000000000000e+01,2.314809999999999950e-05
1.020000000000000000e+02,1.200000000000000000e+02,-1.250000000000000000e+01,-5.950000000000000000e+01,7.716050000000000434e-06
1.020000000000000000e+02,1.210000000000000000e+02,-1.250000000000000000e+01,-5.850000000000000000e+01,1.682099999999999958e-03
1.020000000000000000e+02,1.220000000000000000e+02,-1.250000000000000000e+01,-5.750000000000000000e+01,5.555560000000000186e-04
1.020000000000000000e+02,1.230000000000000000e+02,-1.250000000000000000e+01,-5.650000000000000000e+01,7.561729999999999580e-04
1.020000000000000000e+02,1.240000000000000000e+02,-1.250000000000000000e+01,-5.550000000000000000e+01,1.358019999999999930e-03
1.020000000000000000e+02,1.250000000000000000e+02,-1.250000000000000000e+01,-5.450000000000000000e+01,3.240739999999999875e-04
1.020000000000000000e+02,1.260000000000000000e+02,-1.250000000000000000e+01,-5.350000000000000000e+01,1.130399999999999981e-02
1.020000000000000000e+02,1.270000000000000000e+02,-1.250000000000000000e+01,-5.250000000000000000e+01,3.742280000000000172e-03
1.020000000000000000e+02,1.280000000000000000e+02,-1.250000000000000000e+01,-5.150000000000000000e+01,2.021600000000000133e-03
1.020000000000000000e+02,1.290000000000000000e+02,-1.250000000000000000e+01,-5.050000000000000000e+01,1.641979999999999829e-02
1.020000000000000000e+02,1.300000000000000000e+02,-1.250000000000000000e+01,-4.950000000000000000e+01,3.148150000000000167e-03
1.020000000000000000e+02,1.310000000000000000e+02,-1.250000000000000000e+01,-4.850000000000000000e+01,6.905859999999999776e-03
1.020000000000000000e+02,1.320000000000000000e+02,-1.250000000000000000e+01,-4.750000000000000000e+01,2.646599999999999821e-03
1.020000000000000000e+02,1.330000000000000000e+02,-1.250000000000000000e+01,-4.650000000000000000e+01,3.749999999999999861e-03
1.030000000000000000e+02,1.050000000000000000e+02,-1.350000000000000000e+01,-7.450000000000000000e+01,2.454479999999999856e-02
1.030000000000000000e+02,1.060000000000000000e+02,-1.350000000000000000e+01,-7.350000000000000000e+01,9.606480000000000574e-03
1.030000000000000000e+02,1.070000000000000000e+02,-1.350000000000000000e+01,-7.250000000000000000e+01,2.479169999999999985e-02
1.030000000000000000e+02,1.080000000000000000e+02,-1.350000000000000000e+01,-7.150000000000000000e+01,4.829479999999999884e-02
1.030000000000000000e+02,1.090000000000000000e+02,-1.350000000000000000e+01,-7.050000000000000000e+01,6.270829999999999460e-02
1.030000000000000000e+02,1.100000000000000000e+02,-1.350000000000000000e+01,-6.950000000000000000e+01,3.834880000000000146e-03
1.030000000000000000e+02,1.110000000000000000e+02,-1.350000000000000000e+01,-6.850000000000000000e+01,3.086420000000000174e-05
1.030000000000000000e+02,1.120000000000000000e+02,-1.350000000000000000e+01,-6.750000000000000000e+01,2.118060000000000082e-02
1.030000000000000000e+02,1.130000000000000000e+02,-1.350000000000000000e+01,-6.650000000000000000e+01,2.703699999999999853e-02
1.030000000000000000e+02,1.140000000000000000e+02,-1.350000000000000000e+01,-6.550000000000000000e+01,6.379630000000000023e-02
1.030000000000000000e+02,1.150000000000000000e+02,-1.350000000000000000e+01,-6.450000000000000000e+01,2.057099999999999901e-02
1.030000000000000000e+02,1.160000000000000000e+02,-1.350000000000000000e+01,-6.350000000000000000e+01,1.433639999999999914e-02
1.030000000000000000e+02,1.170000000000000000e+02,-1.350000000000000000e+01,-6.250000000000000000e+01,1.051700000000000031e-02
1.030000000000000000e+02,1.180000000000000000e+02,-1.350000000000000000e+01,-6.150000000000000000e+01,5.594140000000000050e-03
1.030000000000000000e+02,1.190000000000000000e+02,-1.350000000000000000e+01,-6.050000000000000000e+01,1.126540000000000093e-03
1.030000000000000000e+02,1.200000000000000000e+02,-1.350000000000000000e+01,-5.950000000000000000e+01,1.003090000000000047e-04
1.030000000000000000e+02,1.210000000000000000e+02,-1.350000000000000000e+01,-5.850000000000000000e+01,2.700620000000000039e-04
1.030000000000000000e+02,1.220000000000000000e+02,-1.350000000000000000e+01,-5.750000000000000000e+01,3.858020000000000037e-05
1.030000000000000000e+02,1.230000000000000000e+02,-1.350000000000000000e+01,-5.650000000000000000e+01,6.172840000000000347e-05
1.030000000000000000e+02,1.240000000000000000e+02,-1.350000000000000000e+01,-5.550000000000000000e+01,4.398149999999999759e-04
1.030000000000000000e+02,1.250000000000000000e+02,-1.350000000000000000e+01,-5.450000000000000000e+01,1.157410000000000020e-04
1.030000000000000000e+02,1.260000000000000000e+02,-1.350000000000000000e+01,-5.350000000000000000e+01,4.629629999999999922e-04
1.030000000000000000e+02,1.270000000000000000e+02,-1.350000000000000000e+01,-5.250000000000000000e+01,2.777780000000000093e-04
1.030000000000000000e+02,1.280000000000000000e+02,-1.350000000000000000e+01,-5.150000000000000000e+01,5.941359999999999697e-03
1.040000000000000000e+02,1.070000000000000000e+02,-1.450000000000000000e+01,-7.250000000000000000e+01,1.003470000000000056e-01
1.040000000000000000e+02,1.080000000000000000e+02,-1.450000000000000000e+01,-7.150000000000000000e+01,1.581019999999999995e-02
1.040000000000000000e+02,1.110000000000000000e+02,-1.450000000000000000e+01,-6.850000000000000000e+01,2.091050000000000113e-03
1.040000000000000000e+02,1.120000000000000000e+02,-1.450000000000000000e+01,-6.750000000000000000e+01,1.617280000000000106e-02
1.040000000000000000e+02,1.130000000000000000e+02,-1.450000000000000000e+01,-6.650000000000000000e+01,1.273149999999999976e-02
1.040000000000000000e+02,1.140000000000000000e+02,-1.450000000000000000e+01,-6.550000000000000000e+01,2.545520000000000074e-02
1.040000000000000000e+02,1.150000000000000000e+02,-1.450000000000000000e+01,-6.450000000000000000e+01,2.340280000000000138e-02
1.040000000000000000e+02,1.160000000000000000e+02,-1.450000000000000000e+01,-6.350000000000000000e+01,1.730709999999999887e-02
1.040000000000000000e+02,1.170000000000000000e+02,-1.450000000000000000e+01,-6.250000000000000000e+01,4.629629999999999922e-04
1.040000000000000000e+02,1.180000000000000000e+02,-1.450000000000000000e+01,-6.150000000000000000e+01,1.203700000000000039e-03
1.040000000000000000e+02,1.190000000000000000e+02,-1.450000000000000000e+01,-6.050000000000000000e+01,0.000000000000000000e+00
1.040000000000000000e+02,1.200000000000000000e+02,-1.450000000000000000e+01,-5.950000000000000000e+01,5.092589999999999704e-04
1.040000000000000000e+02,1.210000000000000000e+02,-1.450000000000000000e+01,-5.850000000000000000e+01,6.250000000000000130e-04
1.040000000000000000e+02,1.220000000000000000e+02,-1.450000000000000000e+01,-5.750000000000000000e+01,4.398149999999999759e-04
1.040000000000000000e+02,1.230000000000000000e+02,-1.450000000000000000e+01,-5.650000000000000000e+01,4.706789999999999976e-04
1.040000000000000000e+02,1.240000000000000000e+02,-1.450000000000000000e+01,-5.550000000000000000e+01,1.056329999999999943e-02
1.040000000000000000e+02,1.250000000000000000e+02,-1.450000000000000000e+01,-5.450000000000000000e+01,3.163579999999999821e-04
1.040000000000000000e+02,1.260000000000000000e+02,-1.450000000000000000e+01,-5.350000000000000000e+01,9.259259999999999843e-05
1.040000000000000000e+02,1.270000000000000000e+02,-1.450000000000000000e+01,-5.250000000000000000e+01,1.319440000000000066e-03
1.040000000000000000e+02,1.280000000000000000e+02,-1.450000000000000000e+01,-5.150000000000000000e+01,5.802469999999999677e-03
1.050000000000000000e+02,1.110000000000000000e+02,-1.550000000000000000e+01,-6.850000000000000000e+01,3.385799999999999921e-02
1.050000000000000000e+02,1.120000000000000000e+02,-1.550000000000000000e+01,-6.750000000000000000e+01,5.956790000000000002e-03
1.050000000000000000e+02,1.130000000000000000e+02,-1.550000000000000000e+01,-6.650000000000000000e+01,1.705249999999999952e-03
1.050000000000000000e+02,1.140000000000000000e+02,-1.550000000000000000e+01,-6.550000000000000000e+01,1.594910000000000078e-02
1.050000000000000000e+02,1.150000000000000000e+02,-1.550000000000000000e+01,-6.450000000000000000e+01,4.581020000000000231e-02
1.050000000000000000e+02,1.160000000000000000e+02,-1.550000000000000000e+01,-6.350000000000000000e+01,1.727619999999999850e-02
1.050000000000000000e+02,1.170000000000000000e+02,-1.550000000000000000e+01,-6.250000000000000000e+01,4.629629999999999922e-05
1.050000000000000000e+02,1.180000000000000000e+02,-1.550000000000000000e+01,-6.150000000000000000e+01,3.086420000000000174e-05
1.050000000000000000e+02,1.190000000000000000e+02,-1.550000000000000000e+01,-6.050000000000000000e+01,1.087959999999999969e-02
1.050000000000000000e+02,1.200000000000000000e+02,-1.550000000000000000e+01,-5.950000000000000000e+01,2.091050000000000113e-03
1.050000000000000000e+02,1.210000000000000000e+02,-1.550000000000000000e+01,-5.850000000000000000e+01,2.314809999999999950e-05
1.050000000000000000e+02,1.220000000000000000e+02,-1.550000000000000000e+01,-5.750000000000000000e+01,1.165119999999999958e-03
1.050000000000000000e+02,1.230000000000000000e+02,-1.550000000000000000e+01,-5.650000000000000000e+01,2.955249999999999978e-03
1.050000000000000000e+02,1.240000000000000000e+02,-1.550000000000000000e+01,-5.550000000000000000e+01,2.183640000000000147e-03
1.050000000000000000e+02,1.250000000000000000e+02,-1.550000000000000000e+01,-5.450000000000000000e+01,6.712960000000000454e-04
1.050000000000000000e+02,1.260000000000000000e+02,-1.550000000000000000e+01,-5.350000000000000000e+01,7.947530000000000393e-04
1.050000000000000000e+02,1.270000000000000000e+02,-1.550000000000000000e+01,-5.250000000000000000e+01,5.787039999999999806e-04
1.060000000000000000e+02,1.120000000000000000e+02,-1.650000000000000000e+01,-6.750000000000000000e+01,2.209099999999999953e-02
1.060000000000000000e+02,1.130000000000000000e+02,-1.650000000000000000e+01,-6.650000000000000000e+01,2.577160000000000215e-03
1.060000000000000000e+02,1.140000000000000000e+02,-1.650000000000000000e+01,-6.550000000000000000e+01,4.683640000000000199e-03
1.060000000000000000e+02,1.150000000000000000e+02,-1.650000000000000000e+01,-6.450000000000000000e+01,2.220679999999999876e-02
1.060000000000000000e+02,1.160000000000000000e+02,-1.650000000000000000e+01,-6.350000000000000000e+01,1.121139999999999984e-02
1.060000000000000000e+02,1.170000000000000000e+02,-1.650000000000000000e+01,-6.250000000000000000e+01,8.641980000000000495e-04
1.060000000000000000e+02,1.180000000000000000e+02,-1.650000000000000000e+01,-6.150000000000000000e+01,4.629629999999999922e-05
1.060000000000000000e+02,1.190000000000000000e+02,-1.650000000000000000e+01,-6.050000000000000000e+01,4.938269999999999596e-04
1.060000000000000000e+02,1.210000000000000000e+02,-1.650000000000000000e+01,-5.850000000000000000e+01,9.020059999999999883e-03
1.060000000000000000e+02,1.220000000000000000e+02,-1.650000000000000000e+01,-5.750000000000000000e+01,2.126540000000000027e-02
1.060000000000000000e+02,1.230000000000000000e+02,-1.650000000000000000e+01,-5.650000000000000000e+01,2.700619999999999930e-03
1.060000000000000000e+02,1.240000000000000000e+02,-1.650000000000000000e+01,-5.550000000000000000e+01,9.629630000000000134e-03
1.060000000000000000e+02,1.250000000000000000e+02,-1.650000000000000000e+01,-5.450000000000000000e+01,6.867279999999999478e-04
1.060000000000000000e+02,1.260000000000000000e+02,-1.650000000000000000e+01,-5.350000000000000000e+01,7.716050000000000434e-06
1.070000000000000000e+02,1.130000000000000000e+02,-1.750000000000000000e+01,-6.650000000000000000e+01,1.906640000000000071e-02
1.070000000000000000e+02,1.140000000000000000e+02,-1.750000000000000000e+01,-6.550000000000000000e+01,1.704479999999999884e-02
1.070000000000000000e+02,1.150000000000000000e+02,-1.750000000000000000e+01,-6.450000000000000000e+01,4.629630000000000030e-03
1.070000000000000000e+02,1.160000000000000000e+02,-1.750000000000000000e+01,-6.350000000000000000e+01,7.129629999999999648e-03
1.070000000000000000e+02,1.170000000000000000e+02,-1.750000000000000000e+01,-6.250000000000000000e+01,7.924379999999999966e-03
1.070000000000000000e+02,1.180000000000000000e+02,-1.750000000000000000e+01,-6.150000000000000000e+01,5.478399999999999589e-03
1.070000000000000000e+02,1.190000000000000000e+02,-1.750000000000000000e+01,-6.050000000000000000e+01,6.172840000000000347e-05
1.070000000000000000e+02,1.220000000000000000e+02,-1.750000000000000000e+01,-5.750000000000000000e+01,9.219910000000000605e-02
1.070000000000000000e+02,1.260000000000000000e+02,-1.750000000000000000e+01,-5.350000000000000000e+01,1.296300000000000013e-03
1.080000000000000000e+02,1.130000000000000000e+02,-1.850000000000000000e+01,-6.650000000000000000e+01,1.330399999999999916e-01
1.080000000000000000e+02,1.150000000000000000e+02,-1.850000000000000000e+01,-6.450000000000000000e+01,9.953699999999999787e-04
1.080000000000000000e+02,1.160000000000000000e+02,-1.850000000000000000e+01,-6.350000000000000000e+01,1.087190000000000031e-02
1.080000000000000000e+02,1.170000000000000000e+02,-1.850000000000000000e+01,-6.250000000000000000e+01,9.297839999999999924e-03
1.090000000000000000e+02,1.150000000000000000e+02,-1.950000000000000000e+01,-6.450000000000000000e+01,7.445990000000000421e-03
1.090000000000000000e+02,1.160000000000000000e+02,-1.950000000000000000e+01,-6.350000000000000000e+01,2.854939999999999822e-03
